Label,image_path
normal,C:/Users/Admin/Desktop/hiproject/normal\1.jpg
normal,C:/Users/Admin/Desktop/hiproject/normal\10.jpg
normal,C:/Users/Admin/Desktop/hiproject/normal\100.jpg
normal,C:/Users/Admin/Desktop/hiproject/normal\101.jpg
normal,C:/Users/Admin/Desktop/hiproject/normal\102.jpg
normal,C:/Users/Admin/Desktop/hiproject/normal\103.jpg
normal,C:/Users/Admin/Desktop/hiproject/normal\104.jpg
normal,C:/Users/Admin/Desktop/hiproject/normal\105.jpg
normal,C:/Users/Admin/Desktop/hiproject/normal\106.jpg
normal,C:/Users/Admin/Desktop/hiproject/normal\107.jpg
normal,C:/Users/Admin/Desktop/hiproject/normal\108.jpg
normal,C:/Users/Admin/Desktop/hiproject/normal\109.jpg
normal,C:/Users/Admin/Desktop/hiproject/normal\11.jpg
normal,C:/Users/Admin/Desktop/hiproject/normal\110.jpg
normal,C:/Users/Admin/Desktop/hiproject/normal\111.jpg
normal,C:/Users/Admin/Desktop/hiproject/normal\112.jpg
normal,C:/Users/Admin/Desktop/hiproject/normal\113.jpg
normal,C:/Users/Admin/Desktop/hiproject/normal\114.jpg
normal,C:/Users/Admin/Desktop/hiproject/normal\115.jpg
normal,C:/Users/Admin/Desktop/hiproject/normal\116.jpg
normal,C:/Users/Admin/Desktop/hiproject/normal\117.jpg
normal,C:/Users/Admin/Desktop/hiproject/normal\118.jpg
normal,C:/Users/Admin/Desktop/hiproject/normal\119.jpg
normal,C:/Users/Admin/Desktop/hiproject/normal\12.jpg
normal,C:/Users/Admin/Desktop/hiproject/normal\120.jpg
normal,C:/Users/Admin/Desktop/hiproject/normal\121.jpg
normal,C:/Users/Admin/Desktop/hiproject/normal\122.jpg
normal,C:/Users/Admin/Desktop/hiproject/normal\123.jpg
normal,C:/Users/Admin/Desktop/hiproject/normal\124.jpg
normal,C:/Users/Admin/Desktop/hiproject/normal\125.jpg
normal,C:/Users/Admin/Desktop/hiproject/normal\126.jpg
normal,C:/Users/Admin/Desktop/hiproject/normal\127.jpg
normal,C:/Users/Admin/Desktop/hiproject/normal\128.jpg
normal,C:/Users/Admin/Desktop/hiproject/normal\129.jpg
normal,C:/Users/Admin/Desktop/hiproject/normal\13.jpg
normal,C:/Users/Admin/Desktop/hiproject/normal\130.jpg
normal,C:/Users/Admin/Desktop/hiproject/normal\131.jpg
normal,C:/Users/Admin/Desktop/hiproject/normal\132.jpg
normal,C:/Users/Admin/Desktop/hiproject/normal\133.jpg
normal,C:/Users/Admin/Desktop/hiproject/normal\134.jpg
normal,C:/Users/Admin/Desktop/hiproject/normal\135.jpg
normal,C:/Users/Admin/Desktop/hiproject/normal\136.jpg
normal,C:/Users/Admin/Desktop/hiproject/normal\137.jpg
normal,C:/Users/Admin/Desktop/hiproject/normal\138.jpg
normal,C:/Users/Admin/Desktop/hiproject/normal\139.jpg
normal,C:/Users/Admin/Desktop/hiproject/normal\14.jpg
normal,C:/Users/Admin/Desktop/hiproject/normal\140.jpg
normal,C:/Users/Admin/Desktop/hiproject/normal\141.jpg
normal,C:/Users/Admin/Desktop/hiproject/normal\142.jpg
normal,C:/Users/Admin/Desktop/hiproject/normal\143.jpg
normal,C:/Users/Admin/Desktop/hiproject/normal\144.jpg
normal,C:/Users/Admin/Desktop/hiproject/normal\145.jpg
normal,C:/Users/Admin/Desktop/hiproject/normal\146.jpg
normal,C:/Users/Admin/Desktop/hiproject/normal\147.jpg
normal,C:/Users/Admin/Desktop/hiproject/normal\148.jpg
normal,C:/Users/Admin/Desktop/hiproject/normal\149.jpg
normal,C:/Users/Admin/Desktop/hiproject/normal\15.jpg
normal,C:/Users/Admin/Desktop/hiproject/normal\150.jpg
normal,C:/Users/Admin/Desktop/hiproject/normal\151.jpg
normal,C:/Users/Admin/Desktop/hiproject/normal\152.jpg
normal,C:/Users/Admin/Desktop/hiproject/normal\153.jpg
normal,C:/Users/Admin/Desktop/hiproject/normal\154.jpg
normal,C:/Users/Admin/Desktop/hiproject/normal\155.jpg
normal,C:/Users/Admin/Desktop/hiproject/normal\156.jpg
normal,C:/Users/Admin/Desktop/hiproject/normal\157.jpg
normal,C:/Users/Admin/Desktop/hiproject/normal\158.jpg
normal,C:/Users/Admin/Desktop/hiproject/normal\159.jpg
normal,C:/Users/Admin/Desktop/hiproject/normal\16.jpg
normal,C:/Users/Admin/Desktop/hiproject/normal\160.jpg
normal,C:/Users/Admin/Desktop/hiproject/normal\161.jpg
normal,C:/Users/Admin/Desktop/hiproject/normal\162.jpg
normal,C:/Users/Admin/Desktop/hiproject/normal\163.jpg
normal,C:/Users/Admin/Desktop/hiproject/normal\164.jpg
normal,C:/Users/Admin/Desktop/hiproject/normal\165.jpg
normal,C:/Users/Admin/Desktop/hiproject/normal\166.jpg
normal,C:/Users/Admin/Desktop/hiproject/normal\167.jpg
normal,C:/Users/Admin/Desktop/hiproject/normal\168.jpg
normal,C:/Users/Admin/Desktop/hiproject/normal\169.jpg
normal,C:/Users/Admin/Desktop/hiproject/normal\17.jpg
normal,C:/Users/Admin/Desktop/hiproject/normal\170.jpg
normal,C:/Users/Admin/Desktop/hiproject/normal\171.jpg
normal,C:/Users/Admin/Desktop/hiproject/normal\172.jpg
normal,C:/Users/Admin/Desktop/hiproject/normal\173.jpg
normal,C:/Users/Admin/Desktop/hiproject/normal\174.jpg
normal,C:/Users/Admin/Desktop/hiproject/normal\175.jpg
normal,C:/Users/Admin/Desktop/hiproject/normal\176.jpg
normal,C:/Users/Admin/Desktop/hiproject/normal\177.jpg
normal,C:/Users/Admin/Desktop/hiproject/normal\178.jpg
normal,C:/Users/Admin/Desktop/hiproject/normal\179.jpg
normal,C:/Users/Admin/Desktop/hiproject/normal\18.jpg
normal,C:/Users/Admin/Desktop/hiproject/normal\180.jpg
normal,C:/Users/Admin/Desktop/hiproject/normal\181.jpg
normal,C:/Users/Admin/Desktop/hiproject/normal\182.jpg
normal,C:/Users/Admin/Desktop/hiproject/normal\183.jpg
normal,C:/Users/Admin/Desktop/hiproject/normal\184.jpg
normal,C:/Users/Admin/Desktop/hiproject/normal\185.jpg
normal,C:/Users/Admin/Desktop/hiproject/normal\186.jpg
normal,C:/Users/Admin/Desktop/hiproject/normal\187.jpg
normal,C:/Users/Admin/Desktop/hiproject/normal\188.jpg
normal,C:/Users/Admin/Desktop/hiproject/normal\189.jpg
normal,C:/Users/Admin/Desktop/hiproject/normal\19.jpg
normal,C:/Users/Admin/Desktop/hiproject/normal\190.jpg
normal,C:/Users/Admin/Desktop/hiproject/normal\191.jpg
normal,C:/Users/Admin/Desktop/hiproject/normal\192.jpg
normal,C:/Users/Admin/Desktop/hiproject/normal\193.jpg
normal,C:/Users/Admin/Desktop/hiproject/normal\194.jpg
normal,C:/Users/Admin/Desktop/hiproject/normal\195.jpg
normal,C:/Users/Admin/Desktop/hiproject/normal\196.jpg
normal,C:/Users/Admin/Desktop/hiproject/normal\197.jpg
normal,C:/Users/Admin/Desktop/hiproject/normal\198.jpg
normal,C:/Users/Admin/Desktop/hiproject/normal\199.jpg
normal,C:/Users/Admin/Desktop/hiproject/normal\2.jpg
normal,C:/Users/Admin/Desktop/hiproject/normal\20.jpg
normal,C:/Users/Admin/Desktop/hiproject/normal\200.jpg
normal,C:/Users/Admin/Desktop/hiproject/normal\201.jpg
normal,C:/Users/Admin/Desktop/hiproject/normal\202.jpg
normal,C:/Users/Admin/Desktop/hiproject/normal\203.jpg
normal,C:/Users/Admin/Desktop/hiproject/normal\204.jpg
normal,C:/Users/Admin/Desktop/hiproject/normal\205.jpg
normal,C:/Users/Admin/Desktop/hiproject/normal\206.jpg
normal,C:/Users/Admin/Desktop/hiproject/normal\207.jpg
normal,C:/Users/Admin/Desktop/hiproject/normal\208.jpg
normal,C:/Users/Admin/Desktop/hiproject/normal\209.jpg
normal,C:/Users/Admin/Desktop/hiproject/normal\21.jpg
normal,C:/Users/Admin/Desktop/hiproject/normal\210.jpg
normal,C:/Users/Admin/Desktop/hiproject/normal\211.jpg
normal,C:/Users/Admin/Desktop/hiproject/normal\212.jpg
normal,C:/Users/Admin/Desktop/hiproject/normal\213.jpg
normal,C:/Users/Admin/Desktop/hiproject/normal\214.jpg
normal,C:/Users/Admin/Desktop/hiproject/normal\215.jpg
normal,C:/Users/Admin/Desktop/hiproject/normal\216.jpg
normal,C:/Users/Admin/Desktop/hiproject/normal\217.jpg
normal,C:/Users/Admin/Desktop/hiproject/normal\218.jpg
normal,C:/Users/Admin/Desktop/hiproject/normal\219.jpg
normal,C:/Users/Admin/Desktop/hiproject/normal\22.jpg
normal,C:/Users/Admin/Desktop/hiproject/normal\220.jpg
normal,C:/Users/Admin/Desktop/hiproject/normal\221.jpg
normal,C:/Users/Admin/Desktop/hiproject/normal\222.jpg
normal,C:/Users/Admin/Desktop/hiproject/normal\223.jpg
normal,C:/Users/Admin/Desktop/hiproject/normal\224.jpg
normal,C:/Users/Admin/Desktop/hiproject/normal\225.jpg
normal,C:/Users/Admin/Desktop/hiproject/normal\226.jpg
normal,C:/Users/Admin/Desktop/hiproject/normal\227.jpg
normal,C:/Users/Admin/Desktop/hiproject/normal\228.jpg
normal,C:/Users/Admin/Desktop/hiproject/normal\229.jpg
normal,C:/Users/Admin/Desktop/hiproject/normal\23.jpg
normal,C:/Users/Admin/Desktop/hiproject/normal\230.jpg
normal,C:/Users/Admin/Desktop/hiproject/normal\231.jpg
normal,C:/Users/Admin/Desktop/hiproject/normal\232.jpg
normal,C:/Users/Admin/Desktop/hiproject/normal\233.jpg
normal,C:/Users/Admin/Desktop/hiproject/normal\234.jpg
normal,C:/Users/Admin/Desktop/hiproject/normal\235.jpg
normal,C:/Users/Admin/Desktop/hiproject/normal\236.jpg
normal,C:/Users/Admin/Desktop/hiproject/normal\237.jpg
normal,C:/Users/Admin/Desktop/hiproject/normal\238.jpg
normal,C:/Users/Admin/Desktop/hiproject/normal\239.jpg
normal,C:/Users/Admin/Desktop/hiproject/normal\24.jpg
normal,C:/Users/Admin/Desktop/hiproject/normal\240.jpg
normal,C:/Users/Admin/Desktop/hiproject/normal\241.jpg
normal,C:/Users/Admin/Desktop/hiproject/normal\242.jpg
normal,C:/Users/Admin/Desktop/hiproject/normal\243.jpg
normal,C:/Users/Admin/Desktop/hiproject/normal\244.jpg
normal,C:/Users/Admin/Desktop/hiproject/normal\245.jpg
normal,C:/Users/Admin/Desktop/hiproject/normal\246.jpg
normal,C:/Users/Admin/Desktop/hiproject/normal\247.jpg
normal,C:/Users/Admin/Desktop/hiproject/normal\248.jpg
normal,C:/Users/Admin/Desktop/hiproject/normal\249.jpg
normal,C:/Users/Admin/Desktop/hiproject/normal\25.jpg
normal,C:/Users/Admin/Desktop/hiproject/normal\250.jpg
normal,C:/Users/Admin/Desktop/hiproject/normal\251.jpg
normal,C:/Users/Admin/Desktop/hiproject/normal\252.jpg
normal,C:/Users/Admin/Desktop/hiproject/normal\253.jpg
normal,C:/Users/Admin/Desktop/hiproject/normal\254.jpg
normal,C:/Users/Admin/Desktop/hiproject/normal\255.jpg
normal,C:/Users/Admin/Desktop/hiproject/normal\256.jpg
normal,C:/Users/Admin/Desktop/hiproject/normal\257.jpg
normal,C:/Users/Admin/Desktop/hiproject/normal\258.jpg
normal,C:/Users/Admin/Desktop/hiproject/normal\259.jpg
normal,C:/Users/Admin/Desktop/hiproject/normal\26.jpg
normal,C:/Users/Admin/Desktop/hiproject/normal\260.jpg
normal,C:/Users/Admin/Desktop/hiproject/normal\261.jpg
normal,C:/Users/Admin/Desktop/hiproject/normal\262.jpg
normal,C:/Users/Admin/Desktop/hiproject/normal\263.jpg
normal,C:/Users/Admin/Desktop/hiproject/normal\264.jpg
normal,C:/Users/Admin/Desktop/hiproject/normal\265.jpg
normal,C:/Users/Admin/Desktop/hiproject/normal\266.jpg
normal,C:/Users/Admin/Desktop/hiproject/normal\267.jpg
normal,C:/Users/Admin/Desktop/hiproject/normal\268.jpg
normal,C:/Users/Admin/Desktop/hiproject/normal\269.jpg
normal,C:/Users/Admin/Desktop/hiproject/normal\27.jpg
normal,C:/Users/Admin/Desktop/hiproject/normal\270.jpg
normal,C:/Users/Admin/Desktop/hiproject/normal\271.jpg
normal,C:/Users/Admin/Desktop/hiproject/normal\272.jpg
normal,C:/Users/Admin/Desktop/hiproject/normal\273.jpg
normal,C:/Users/Admin/Desktop/hiproject/normal\274.jpg
normal,C:/Users/Admin/Desktop/hiproject/normal\275.jpg
normal,C:/Users/Admin/Desktop/hiproject/normal\276.jpg
normal,C:/Users/Admin/Desktop/hiproject/normal\277.jpg
normal,C:/Users/Admin/Desktop/hiproject/normal\278.jpg
normal,C:/Users/Admin/Desktop/hiproject/normal\279.jpg
normal,C:/Users/Admin/Desktop/hiproject/normal\28.jpg
normal,C:/Users/Admin/Desktop/hiproject/normal\280.jpg
normal,C:/Users/Admin/Desktop/hiproject/normal\281.jpg
normal,C:/Users/Admin/Desktop/hiproject/normal\282.jpg
normal,C:/Users/Admin/Desktop/hiproject/normal\283.jpg
normal,C:/Users/Admin/Desktop/hiproject/normal\284.jpg
normal,C:/Users/Admin/Desktop/hiproject/normal\285.jpg
normal,C:/Users/Admin/Desktop/hiproject/normal\286.jpg
normal,C:/Users/Admin/Desktop/hiproject/normal\287.jpg
normal,C:/Users/Admin/Desktop/hiproject/normal\288.jpg
normal,C:/Users/Admin/Desktop/hiproject/normal\289.jpg
normal,C:/Users/Admin/Desktop/hiproject/normal\29.jpg
normal,C:/Users/Admin/Desktop/hiproject/normal\290.jpg
normal,C:/Users/Admin/Desktop/hiproject/normal\291.jpg
normal,C:/Users/Admin/Desktop/hiproject/normal\292.jpg
normal,C:/Users/Admin/Desktop/hiproject/normal\293.jpg
normal,C:/Users/Admin/Desktop/hiproject/normal\294.jpg
normal,C:/Users/Admin/Desktop/hiproject/normal\295.jpg
normal,C:/Users/Admin/Desktop/hiproject/normal\296.jpg
normal,C:/Users/Admin/Desktop/hiproject/normal\297.jpg
normal,C:/Users/Admin/Desktop/hiproject/normal\298.jpg
normal,C:/Users/Admin/Desktop/hiproject/normal\299.jpg
normal,C:/Users/Admin/Desktop/hiproject/normal\3.jpg
normal,C:/Users/Admin/Desktop/hiproject/normal\30.jpg
normal,C:/Users/Admin/Desktop/hiproject/normal\300.jpg
normal,C:/Users/Admin/Desktop/hiproject/normal\301.jpg
normal,C:/Users/Admin/Desktop/hiproject/normal\302.jpg
normal,C:/Users/Admin/Desktop/hiproject/normal\303.jpg
normal,C:/Users/Admin/Desktop/hiproject/normal\304.jpg
normal,C:/Users/Admin/Desktop/hiproject/normal\305.jpg
normal,C:/Users/Admin/Desktop/hiproject/normal\306.jpg
normal,C:/Users/Admin/Desktop/hiproject/normal\307.jpg
normal,C:/Users/Admin/Desktop/hiproject/normal\308.jpg
normal,C:/Users/Admin/Desktop/hiproject/normal\309.jpg
normal,C:/Users/Admin/Desktop/hiproject/normal\31.jpg
normal,C:/Users/Admin/Desktop/hiproject/normal\310.jpg
normal,C:/Users/Admin/Desktop/hiproject/normal\311.jpg
normal,C:/Users/Admin/Desktop/hiproject/normal\312.jpg
normal,C:/Users/Admin/Desktop/hiproject/normal\313.jpg
normal,C:/Users/Admin/Desktop/hiproject/normal\314.jpg
normal,C:/Users/Admin/Desktop/hiproject/normal\315.jpg
normal,C:/Users/Admin/Desktop/hiproject/normal\316.jpg
normal,C:/Users/Admin/Desktop/hiproject/normal\317.jpg
normal,C:/Users/Admin/Desktop/hiproject/normal\318.jpg
normal,C:/Users/Admin/Desktop/hiproject/normal\319.jpg
normal,C:/Users/Admin/Desktop/hiproject/normal\32.jpg
normal,C:/Users/Admin/Desktop/hiproject/normal\320.jpg
normal,C:/Users/Admin/Desktop/hiproject/normal\321.jpg
normal,C:/Users/Admin/Desktop/hiproject/normal\322.jpg
normal,C:/Users/Admin/Desktop/hiproject/normal\323.jpg
normal,C:/Users/Admin/Desktop/hiproject/normal\324.jpg
normal,C:/Users/Admin/Desktop/hiproject/normal\325.jpg
normal,C:/Users/Admin/Desktop/hiproject/normal\326.jpg
normal,C:/Users/Admin/Desktop/hiproject/normal\327.jpg
normal,C:/Users/Admin/Desktop/hiproject/normal\328.jpg
normal,C:/Users/Admin/Desktop/hiproject/normal\329.jpg
normal,C:/Users/Admin/Desktop/hiproject/normal\33.jpg
normal,C:/Users/Admin/Desktop/hiproject/normal\330.jpg
normal,C:/Users/Admin/Desktop/hiproject/normal\331.jpg
normal,C:/Users/Admin/Desktop/hiproject/normal\332.jpg
normal,C:/Users/Admin/Desktop/hiproject/normal\333.jpg
normal,C:/Users/Admin/Desktop/hiproject/normal\334.jpg
normal,C:/Users/Admin/Desktop/hiproject/normal\335.jpg
normal,C:/Users/Admin/Desktop/hiproject/normal\336.jpg
normal,C:/Users/Admin/Desktop/hiproject/normal\337.jpg
normal,C:/Users/Admin/Desktop/hiproject/normal\338.jpg
normal,C:/Users/Admin/Desktop/hiproject/normal\339.jpg
normal,C:/Users/Admin/Desktop/hiproject/normal\34.jpg
normal,C:/Users/Admin/Desktop/hiproject/normal\340.jpg
normal,C:/Users/Admin/Desktop/hiproject/normal\341.jpg
normal,C:/Users/Admin/Desktop/hiproject/normal\342.jpg
normal,C:/Users/Admin/Desktop/hiproject/normal\343.jpg
normal,C:/Users/Admin/Desktop/hiproject/normal\344.jpg
normal,C:/Users/Admin/Desktop/hiproject/normal\345.jpg
normal,C:/Users/Admin/Desktop/hiproject/normal\346.jpg
normal,C:/Users/Admin/Desktop/hiproject/normal\347.jpg
normal,C:/Users/Admin/Desktop/hiproject/normal\348.jpg
normal,C:/Users/Admin/Desktop/hiproject/normal\349.jpg
normal,C:/Users/Admin/Desktop/hiproject/normal\35.jpg
normal,C:/Users/Admin/Desktop/hiproject/normal\350.jpg
normal,C:/Users/Admin/Desktop/hiproject/normal\351.jpg
normal,C:/Users/Admin/Desktop/hiproject/normal\352.jpg
normal,C:/Users/Admin/Desktop/hiproject/normal\36.jpg
normal,C:/Users/Admin/Desktop/hiproject/normal\37.jpg
normal,C:/Users/Admin/Desktop/hiproject/normal\38.jpg
normal,C:/Users/Admin/Desktop/hiproject/normal\39.jpg
normal,C:/Users/Admin/Desktop/hiproject/normal\4.jpg
normal,C:/Users/Admin/Desktop/hiproject/normal\40.jpg
normal,C:/Users/Admin/Desktop/hiproject/normal\41.jpg
normal,C:/Users/Admin/Desktop/hiproject/normal\42.jpg
normal,C:/Users/Admin/Desktop/hiproject/normal\43.jpg
normal,C:/Users/Admin/Desktop/hiproject/normal\44.jpg
normal,C:/Users/Admin/Desktop/hiproject/normal\45.jpg
normal,C:/Users/Admin/Desktop/hiproject/normal\46.jpg
normal,C:/Users/Admin/Desktop/hiproject/normal\47.jpg
normal,C:/Users/Admin/Desktop/hiproject/normal\48.jpg
normal,C:/Users/Admin/Desktop/hiproject/normal\49.jpg
normal,C:/Users/Admin/Desktop/hiproject/normal\5.jpg
normal,C:/Users/Admin/Desktop/hiproject/normal\50.jpg
normal,C:/Users/Admin/Desktop/hiproject/normal\51.jpg
normal,C:/Users/Admin/Desktop/hiproject/normal\52.jpg
normal,C:/Users/Admin/Desktop/hiproject/normal\53.jpg
normal,C:/Users/Admin/Desktop/hiproject/normal\54.jpg
normal,C:/Users/Admin/Desktop/hiproject/normal\55.jpg
normal,C:/Users/Admin/Desktop/hiproject/normal\56.jpg
normal,C:/Users/Admin/Desktop/hiproject/normal\57.jpg
normal,C:/Users/Admin/Desktop/hiproject/normal\58.jpg
normal,C:/Users/Admin/Desktop/hiproject/normal\59.jpg
normal,C:/Users/Admin/Desktop/hiproject/normal\6.jpg
normal,C:/Users/Admin/Desktop/hiproject/normal\60.jpg
normal,C:/Users/Admin/Desktop/hiproject/normal\61.jpg
normal,C:/Users/Admin/Desktop/hiproject/normal\62.jpg
normal,C:/Users/Admin/Desktop/hiproject/normal\63.jpg
normal,C:/Users/Admin/Desktop/hiproject/normal\64.jpg
normal,C:/Users/Admin/Desktop/hiproject/normal\65.jpg
normal,C:/Users/Admin/Desktop/hiproject/normal\66.jpg
normal,C:/Users/Admin/Desktop/hiproject/normal\67.jpg
normal,C:/Users/Admin/Desktop/hiproject/normal\68.jpg
normal,C:/Users/Admin/Desktop/hiproject/normal\69.jpg
normal,C:/Users/Admin/Desktop/hiproject/normal\7.jpg
normal,C:/Users/Admin/Desktop/hiproject/normal\70.jpg
normal,C:/Users/Admin/Desktop/hiproject/normal\71.jpg
normal,C:/Users/Admin/Desktop/hiproject/normal\72.jpg
normal,C:/Users/Admin/Desktop/hiproject/normal\73.jpg
normal,C:/Users/Admin/Desktop/hiproject/normal\74.jpg
normal,C:/Users/Admin/Desktop/hiproject/normal\75.jpg
normal,C:/Users/Admin/Desktop/hiproject/normal\76.jpg
normal,C:/Users/Admin/Desktop/hiproject/normal\77.jpg
normal,C:/Users/Admin/Desktop/hiproject/normal\78.jpg
normal,C:/Users/Admin/Desktop/hiproject/normal\79.jpg
normal,C:/Users/Admin/Desktop/hiproject/normal\8.jpg
normal,C:/Users/Admin/Desktop/hiproject/normal\80.jpg
normal,C:/Users/Admin/Desktop/hiproject/normal\81.jpg
normal,C:/Users/Admin/Desktop/hiproject/normal\82.jpg
normal,C:/Users/Admin/Desktop/hiproject/normal\83.jpg
normal,C:/Users/Admin/Desktop/hiproject/normal\84.jpg
normal,C:/Users/Admin/Desktop/hiproject/normal\85.jpg
normal,C:/Users/Admin/Desktop/hiproject/normal\86.jpg
normal,C:/Users/Admin/Desktop/hiproject/normal\87.jpg
normal,C:/Users/Admin/Desktop/hiproject/normal\88.jpg
normal,C:/Users/Admin/Desktop/hiproject/normal\89.jpg
normal,C:/Users/Admin/Desktop/hiproject/normal\9.jpg
normal,C:/Users/Admin/Desktop/hiproject/normal\90.jpg
normal,C:/Users/Admin/Desktop/hiproject/normal\91.jpg
normal,C:/Users/Admin/Desktop/hiproject/normal\92.jpg
normal,C:/Users/Admin/Desktop/hiproject/normal\93.jpg
normal,C:/Users/Admin/Desktop/hiproject/normal\94.jpg
normal,C:/Users/Admin/Desktop/hiproject/normal\95.jpg
normal,C:/Users/Admin/Desktop/hiproject/normal\96.jpg
normal,C:/Users/Admin/Desktop/hiproject/normal\97.jpg
normal,C:/Users/Admin/Desktop/hiproject/normal\98.jpg
normal,C:/Users/Admin/Desktop/hiproject/normal\99.jpg
pothole,C:/Users/Admin/Desktop/hiproject/potholes\1.jpg
pothole,C:/Users/Admin/Desktop/hiproject/potholes\10.jpg
pothole,C:/Users/Admin/Desktop/hiproject/potholes\100.jpg
pothole,C:/Users/Admin/Desktop/hiproject/potholes\101.jpg
pothole,C:/Users/Admin/Desktop/hiproject/potholes\102.jpg
pothole,C:/Users/Admin/Desktop/hiproject/potholes\103.jpg
pothole,C:/Users/Admin/Desktop/hiproject/potholes\104.jpg
pothole,C:/Users/Admin/Desktop/hiproject/potholes\105.jpg
pothole,C:/Users/Admin/Desktop/hiproject/potholes\106.jpg
pothole,C:/Users/Admin/Desktop/hiproject/potholes\107.jpg
pothole,C:/Users/Admin/Desktop/hiproject/potholes\108.jpg
pothole,C:/Users/Admin/Desktop/hiproject/potholes\109.jpg
pothole,C:/Users/Admin/Desktop/hiproject/potholes\11.jpg
pothole,C:/Users/Admin/Desktop/hiproject/potholes\110.jpg
pothole,C:/Users/Admin/Desktop/hiproject/potholes\111.jpg
pothole,C:/Users/Admin/Desktop/hiproject/potholes\113.jpg
pothole,C:/Users/Admin/Desktop/hiproject/potholes\114.jpg
pothole,C:/Users/Admin/Desktop/hiproject/potholes\115.jpg
pothole,C:/Users/Admin/Desktop/hiproject/potholes\116.jpg
pothole,C:/Users/Admin/Desktop/hiproject/potholes\117.jpg
pothole,C:/Users/Admin/Desktop/hiproject/potholes\118.jpg
pothole,C:/Users/Admin/Desktop/hiproject/potholes\119.jpg
pothole,C:/Users/Admin/Desktop/hiproject/potholes\12.jpg
pothole,C:/Users/Admin/Desktop/hiproject/potholes\120.jpg
pothole,C:/Users/Admin/Desktop/hiproject/potholes\121.jpg
pothole,C:/Users/Admin/Desktop/hiproject/potholes\122.jpg
pothole,C:/Users/Admin/Desktop/hiproject/potholes\123.jpg
pothole,C:/Users/Admin/Desktop/hiproject/potholes\124.jpg
pothole,C:/Users/Admin/Desktop/hiproject/potholes\125.jpg
pothole,C:/Users/Admin/Desktop/hiproject/potholes\126.jpg
pothole,C:/Users/Admin/Desktop/hiproject/potholes\127.jpg
pothole,C:/Users/Admin/Desktop/hiproject/potholes\128.jpg
pothole,C:/Users/Admin/Desktop/hiproject/potholes\129.jpg
pothole,C:/Users/Admin/Desktop/hiproject/potholes\13.jpg
pothole,C:/Users/Admin/Desktop/hiproject/potholes\130.jpg
pothole,C:/Users/Admin/Desktop/hiproject/potholes\131.jpg
pothole,C:/Users/Admin/Desktop/hiproject/potholes\132.jpg
pothole,C:/Users/Admin/Desktop/hiproject/potholes\133.jpg
pothole,C:/Users/Admin/Desktop/hiproject/potholes\134.jpg
pothole,C:/Users/Admin/Desktop/hiproject/potholes\135.jpg
pothole,C:/Users/Admin/Desktop/hiproject/potholes\136.jpg
pothole,C:/Users/Admin/Desktop/hiproject/potholes\137.jpg
pothole,C:/Users/Admin/Desktop/hiproject/potholes\138.jpg
pothole,C:/Users/Admin/Desktop/hiproject/potholes\139.jpg
pothole,C:/Users/Admin/Desktop/hiproject/potholes\14.jpg
pothole,C:/Users/Admin/Desktop/hiproject/potholes\140.jpg
pothole,C:/Users/Admin/Desktop/hiproject/potholes\141.jpg
pothole,C:/Users/Admin/Desktop/hiproject/potholes\142.jpg
pothole,C:/Users/Admin/Desktop/hiproject/potholes\143.jpg
pothole,C:/Users/Admin/Desktop/hiproject/potholes\144.jpg
pothole,C:/Users/Admin/Desktop/hiproject/potholes\145.jpg
pothole,C:/Users/Admin/Desktop/hiproject/potholes\146.jpg
pothole,C:/Users/Admin/Desktop/hiproject/potholes\147.jpg
pothole,C:/Users/Admin/Desktop/hiproject/potholes\148.jpg
pothole,C:/Users/Admin/Desktop/hiproject/potholes\149.jpg
pothole,C:/Users/Admin/Desktop/hiproject/potholes\15.jpg
pothole,C:/Users/Admin/Desktop/hiproject/potholes\150.jpg
pothole,C:/Users/Admin/Desktop/hiproject/potholes\151.jpg
pothole,C:/Users/Admin/Desktop/hiproject/potholes\152.jpg
pothole,C:/Users/Admin/Desktop/hiproject/potholes\153.jpg
pothole,C:/Users/Admin/Desktop/hiproject/potholes\154.jpg
pothole,C:/Users/Admin/Desktop/hiproject/potholes\155.jpg
pothole,C:/Users/Admin/Desktop/hiproject/potholes\156.jpg
pothole,C:/Users/Admin/Desktop/hiproject/potholes\157.jpg
pothole,C:/Users/Admin/Desktop/hiproject/potholes\158.jpg
pothole,C:/Users/Admin/Desktop/hiproject/potholes\159.jpg
pothole,C:/Users/Admin/Desktop/hiproject/potholes\16.jpg
pothole,C:/Users/Admin/Desktop/hiproject/potholes\160.jpg
pothole,C:/Users/Admin/Desktop/hiproject/potholes\161.jpg
pothole,C:/Users/Admin/Desktop/hiproject/potholes\162.jpg
pothole,C:/Users/Admin/Desktop/hiproject/potholes\163.jpg
pothole,C:/Users/Admin/Desktop/hiproject/potholes\164.jpg
pothole,C:/Users/Admin/Desktop/hiproject/potholes\165.jpg
pothole,C:/Users/Admin/Desktop/hiproject/potholes\166.jpg
pothole,C:/Users/Admin/Desktop/hiproject/potholes\167.jpg
pothole,C:/Users/Admin/Desktop/hiproject/potholes\168.jpg
pothole,C:/Users/Admin/Desktop/hiproject/potholes\169.jpg
pothole,C:/Users/Admin/Desktop/hiproject/potholes\17.jpg
pothole,C:/Users/Admin/Desktop/hiproject/potholes\170.jpg
pothole,C:/Users/Admin/Desktop/hiproject/potholes\171.jpg
pothole,C:/Users/Admin/Desktop/hiproject/potholes\172.jpg
pothole,C:/Users/Admin/Desktop/hiproject/potholes\173.jpg
pothole,C:/Users/Admin/Desktop/hiproject/potholes\174.jpg
pothole,C:/Users/Admin/Desktop/hiproject/potholes\175.jpg
pothole,C:/Users/Admin/Desktop/hiproject/potholes\176.jpg
pothole,C:/Users/Admin/Desktop/hiproject/potholes\177.jpg
pothole,C:/Users/Admin/Desktop/hiproject/potholes\178.jpg
pothole,C:/Users/Admin/Desktop/hiproject/potholes\179.jpg
pothole,C:/Users/Admin/Desktop/hiproject/potholes\18.jpg
pothole,C:/Users/Admin/Desktop/hiproject/potholes\180.jpg
pothole,C:/Users/Admin/Desktop/hiproject/potholes\181.jpg
pothole,C:/Users/Admin/Desktop/hiproject/potholes\182.jpg
pothole,C:/Users/Admin/Desktop/hiproject/potholes\183.jpg
pothole,C:/Users/Admin/Desktop/hiproject/potholes\184.jpg
pothole,C:/Users/Admin/Desktop/hiproject/potholes\185.jpg
pothole,C:/Users/Admin/Desktop/hiproject/potholes\186.jpg
pothole,C:/Users/Admin/Desktop/hiproject/potholes\187.jpg
pothole,C:/Users/Admin/Desktop/hiproject/potholes\188.jpg
pothole,C:/Users/Admin/Desktop/hiproject/potholes\189.jpg
pothole,C:/Users/Admin/Desktop/hiproject/potholes\19.jpg
pothole,C:/Users/Admin/Desktop/hiproject/potholes\190.jpg
pothole,C:/Users/Admin/Desktop/hiproject/potholes\191.jpg
pothole,C:/Users/Admin/Desktop/hiproject/potholes\192.jpg
pothole,C:/Users/Admin/Desktop/hiproject/potholes\193.jpg
pothole,C:/Users/Admin/Desktop/hiproject/potholes\194.jpg
pothole,C:/Users/Admin/Desktop/hiproject/potholes\195.jpg
pothole,C:/Users/Admin/Desktop/hiproject/potholes\196.jpg
pothole,C:/Users/Admin/Desktop/hiproject/potholes\197.jpg
pothole,C:/Users/Admin/Desktop/hiproject/potholes\198.jpg
pothole,C:/Users/Admin/Desktop/hiproject/potholes\199.jpg
pothole,C:/Users/Admin/Desktop/hiproject/potholes\2.jpg
pothole,C:/Users/Admin/Desktop/hiproject/potholes\20.jpg
pothole,C:/Users/Admin/Desktop/hiproject/potholes\200.jpg
pothole,C:/Users/Admin/Desktop/hiproject/potholes\201.jpg
pothole,C:/Users/Admin/Desktop/hiproject/potholes\202.jpg
pothole,C:/Users/Admin/Desktop/hiproject/potholes\203.jpg
pothole,C:/Users/Admin/Desktop/hiproject/potholes\204.jpg
pothole,C:/Users/Admin/Desktop/hiproject/potholes\205.jpg
pothole,C:/Users/Admin/Desktop/hiproject/potholes\206.jpg
pothole,C:/Users/Admin/Desktop/hiproject/potholes\207.jpg
pothole,C:/Users/Admin/Desktop/hiproject/potholes\208.jpg
pothole,C:/Users/Admin/Desktop/hiproject/potholes\209.jpg
pothole,C:/Users/Admin/Desktop/hiproject/potholes\21.jpg
pothole,C:/Users/Admin/Desktop/hiproject/potholes\210.jpg
pothole,C:/Users/Admin/Desktop/hiproject/potholes\211.jpg
pothole,C:/Users/Admin/Desktop/hiproject/potholes\212.jpg
pothole,C:/Users/Admin/Desktop/hiproject/potholes\213.jpg
pothole,C:/Users/Admin/Desktop/hiproject/potholes\214.jpg
pothole,C:/Users/Admin/Desktop/hiproject/potholes\215.jpg
pothole,C:/Users/Admin/Desktop/hiproject/potholes\216.jpg
pothole,C:/Users/Admin/Desktop/hiproject/potholes\217.jpg
pothole,C:/Users/Admin/Desktop/hiproject/potholes\218.jpg
pothole,C:/Users/Admin/Desktop/hiproject/potholes\219.jpg
pothole,C:/Users/Admin/Desktop/hiproject/potholes\22.jpg
pothole,C:/Users/Admin/Desktop/hiproject/potholes\220.jpg
pothole,C:/Users/Admin/Desktop/hiproject/potholes\221.jpg
pothole,C:/Users/Admin/Desktop/hiproject/potholes\222.jpg
pothole,C:/Users/Admin/Desktop/hiproject/potholes\223.jpg
pothole,C:/Users/Admin/Desktop/hiproject/potholes\224.jpg
pothole,C:/Users/Admin/Desktop/hiproject/potholes\225.jpg
pothole,C:/Users/Admin/Desktop/hiproject/potholes\226.jpg
pothole,C:/Users/Admin/Desktop/hiproject/potholes\227.jpg
pothole,C:/Users/Admin/Desktop/hiproject/potholes\228.jpg
pothole,C:/Users/Admin/Desktop/hiproject/potholes\229.jpg
pothole,C:/Users/Admin/Desktop/hiproject/potholes\23.jpg
pothole,C:/Users/Admin/Desktop/hiproject/potholes\230.jpg
pothole,C:/Users/Admin/Desktop/hiproject/potholes\231.jpg
pothole,C:/Users/Admin/Desktop/hiproject/potholes\232.jpg
pothole,C:/Users/Admin/Desktop/hiproject/potholes\233.jpg
pothole,C:/Users/Admin/Desktop/hiproject/potholes\234.jpg
pothole,C:/Users/Admin/Desktop/hiproject/potholes\235.jpg
pothole,C:/Users/Admin/Desktop/hiproject/potholes\236.jpg
pothole,C:/Users/Admin/Desktop/hiproject/potholes\237.jpg
pothole,C:/Users/Admin/Desktop/hiproject/potholes\238.jpg
pothole,C:/Users/Admin/Desktop/hiproject/potholes\239.jpg
pothole,C:/Users/Admin/Desktop/hiproject/potholes\24.jpg
pothole,C:/Users/Admin/Desktop/hiproject/potholes\240.jpg
pothole,C:/Users/Admin/Desktop/hiproject/potholes\241.jpg
pothole,C:/Users/Admin/Desktop/hiproject/potholes\242.jpg
pothole,C:/Users/Admin/Desktop/hiproject/potholes\243.jpg
pothole,C:/Users/Admin/Desktop/hiproject/potholes\244.jpg
pothole,C:/Users/Admin/Desktop/hiproject/potholes\245.jpg
pothole,C:/Users/Admin/Desktop/hiproject/potholes\246.jpg
pothole,C:/Users/Admin/Desktop/hiproject/potholes\247.jpg
pothole,C:/Users/Admin/Desktop/hiproject/potholes\248.jpg
pothole,C:/Users/Admin/Desktop/hiproject/potholes\249.jpg
pothole,C:/Users/Admin/Desktop/hiproject/potholes\25.jpg
pothole,C:/Users/Admin/Desktop/hiproject/potholes\250.jpg
pothole,C:/Users/Admin/Desktop/hiproject/potholes\251.jpg
pothole,C:/Users/Admin/Desktop/hiproject/potholes\252.jpg
pothole,C:/Users/Admin/Desktop/hiproject/potholes\253.jpg
pothole,C:/Users/Admin/Desktop/hiproject/potholes\254.jpg
pothole,C:/Users/Admin/Desktop/hiproject/potholes\255.jpg
pothole,C:/Users/Admin/Desktop/hiproject/potholes\256.jpg
pothole,C:/Users/Admin/Desktop/hiproject/potholes\257.jpg
pothole,C:/Users/Admin/Desktop/hiproject/potholes\258.jpg
pothole,C:/Users/Admin/Desktop/hiproject/potholes\259.jpg
pothole,C:/Users/Admin/Desktop/hiproject/potholes\26.jpg
pothole,C:/Users/Admin/Desktop/hiproject/potholes\260.jpg
pothole,C:/Users/Admin/Desktop/hiproject/potholes\261.jpg
pothole,C:/Users/Admin/Desktop/hiproject/potholes\262.jpg
pothole,C:/Users/Admin/Desktop/hiproject/potholes\263.jpg
pothole,C:/Users/Admin/Desktop/hiproject/potholes\264.jpg
pothole,C:/Users/Admin/Desktop/hiproject/potholes\265.jpg
pothole,C:/Users/Admin/Desktop/hiproject/potholes\266.jpg
pothole,C:/Users/Admin/Desktop/hiproject/potholes\267.jpg
pothole,C:/Users/Admin/Desktop/hiproject/potholes\268.jpg
pothole,C:/Users/Admin/Desktop/hiproject/potholes\269.jpg
pothole,C:/Users/Admin/Desktop/hiproject/potholes\27.jpg
pothole,C:/Users/Admin/Desktop/hiproject/potholes\270.jpg
pothole,C:/Users/Admin/Desktop/hiproject/potholes\271.jpg
pothole,C:/Users/Admin/Desktop/hiproject/potholes\272.jpg
pothole,C:/Users/Admin/Desktop/hiproject/potholes\273.jpg
pothole,C:/Users/Admin/Desktop/hiproject/potholes\274.jpg
pothole,C:/Users/Admin/Desktop/hiproject/potholes\275.jpg
pothole,C:/Users/Admin/Desktop/hiproject/potholes\276.jpg
pothole,C:/Users/Admin/Desktop/hiproject/potholes\277.jpg
pothole,C:/Users/Admin/Desktop/hiproject/potholes\278.jpg
pothole,C:/Users/Admin/Desktop/hiproject/potholes\279.jpg
pothole,C:/Users/Admin/Desktop/hiproject/potholes\28.jpg
pothole,C:/Users/Admin/Desktop/hiproject/potholes\280.jpg
pothole,C:/Users/Admin/Desktop/hiproject/potholes\281.jpg
pothole,C:/Users/Admin/Desktop/hiproject/potholes\282.jpg
pothole,C:/Users/Admin/Desktop/hiproject/potholes\283.jpg
pothole,C:/Users/Admin/Desktop/hiproject/potholes\284.jpg
pothole,C:/Users/Admin/Desktop/hiproject/potholes\285.jpg
pothole,C:/Users/Admin/Desktop/hiproject/potholes\286.jpg
pothole,C:/Users/Admin/Desktop/hiproject/potholes\287.jpg
pothole,C:/Users/Admin/Desktop/hiproject/potholes\288.jpg
pothole,C:/Users/Admin/Desktop/hiproject/potholes\289.jpg
pothole,C:/Users/Admin/Desktop/hiproject/potholes\29.jpg
pothole,C:/Users/Admin/Desktop/hiproject/potholes\290.jpg
pothole,C:/Users/Admin/Desktop/hiproject/potholes\291.jpg
pothole,C:/Users/Admin/Desktop/hiproject/potholes\292.jpg
pothole,C:/Users/Admin/Desktop/hiproject/potholes\293.jpg
pothole,C:/Users/Admin/Desktop/hiproject/potholes\294.jpg
pothole,C:/Users/Admin/Desktop/hiproject/potholes\295.jpg
pothole,C:/Users/Admin/Desktop/hiproject/potholes\296.jpg
pothole,C:/Users/Admin/Desktop/hiproject/potholes\297.jpg
pothole,C:/Users/Admin/Desktop/hiproject/potholes\298.jpg
pothole,C:/Users/Admin/Desktop/hiproject/potholes\299.jpg
pothole,C:/Users/Admin/Desktop/hiproject/potholes\3.jpg
pothole,C:/Users/Admin/Desktop/hiproject/potholes\30.jpg
pothole,C:/Users/Admin/Desktop/hiproject/potholes\300.jpg
pothole,C:/Users/Admin/Desktop/hiproject/potholes\301.jpg
pothole,C:/Users/Admin/Desktop/hiproject/potholes\302.jpg
pothole,C:/Users/Admin/Desktop/hiproject/potholes\303.jpg
pothole,C:/Users/Admin/Desktop/hiproject/potholes\304.jpg
pothole,C:/Users/Admin/Desktop/hiproject/potholes\305.jpg
pothole,C:/Users/Admin/Desktop/hiproject/potholes\306.jpg
pothole,C:/Users/Admin/Desktop/hiproject/potholes\307.jpg
pothole,C:/Users/Admin/Desktop/hiproject/potholes\308.jpg
pothole,C:/Users/Admin/Desktop/hiproject/potholes\309.jpg
pothole,C:/Users/Admin/Desktop/hiproject/potholes\31.jpg
pothole,C:/Users/Admin/Desktop/hiproject/potholes\310.jpg
pothole,C:/Users/Admin/Desktop/hiproject/potholes\311.jpg
pothole,C:/Users/Admin/Desktop/hiproject/potholes\312.jpg
pothole,C:/Users/Admin/Desktop/hiproject/potholes\313.jpg
pothole,C:/Users/Admin/Desktop/hiproject/potholes\314.jpg
pothole,C:/Users/Admin/Desktop/hiproject/potholes\315.jpg
pothole,C:/Users/Admin/Desktop/hiproject/potholes\316.jpg
pothole,C:/Users/Admin/Desktop/hiproject/potholes\317.jpg
pothole,C:/Users/Admin/Desktop/hiproject/potholes\318.jpg
pothole,C:/Users/Admin/Desktop/hiproject/potholes\319.jpg
pothole,C:/Users/Admin/Desktop/hiproject/potholes\32.jpg
pothole,C:/Users/Admin/Desktop/hiproject/potholes\320.jpg
pothole,C:/Users/Admin/Desktop/hiproject/potholes\321.jpg
pothole,C:/Users/Admin/Desktop/hiproject/potholes\322.jpg
pothole,C:/Users/Admin/Desktop/hiproject/potholes\323.jpg
pothole,C:/Users/Admin/Desktop/hiproject/potholes\324.jpg
pothole,C:/Users/Admin/Desktop/hiproject/potholes\325.jpg
pothole,C:/Users/Admin/Desktop/hiproject/potholes\326.jpg
pothole,C:/Users/Admin/Desktop/hiproject/potholes\327.jpg
pothole,C:/Users/Admin/Desktop/hiproject/potholes\328.jpg
pothole,C:/Users/Admin/Desktop/hiproject/potholes\329.jpg
pothole,C:/Users/Admin/Desktop/hiproject/potholes\33.jpg
pothole,C:/Users/Admin/Desktop/hiproject/potholes\34.jpg
pothole,C:/Users/Admin/Desktop/hiproject/potholes\35.jpg
pothole,C:/Users/Admin/Desktop/hiproject/potholes\36.jpg
pothole,C:/Users/Admin/Desktop/hiproject/potholes\37.jpg
pothole,C:/Users/Admin/Desktop/hiproject/potholes\38.jpg
pothole,C:/Users/Admin/Desktop/hiproject/potholes\39.jpg
pothole,C:/Users/Admin/Desktop/hiproject/potholes\4.jpg
pothole,C:/Users/Admin/Desktop/hiproject/potholes\40.jpg
pothole,C:/Users/Admin/Desktop/hiproject/potholes\41.jpg
pothole,C:/Users/Admin/Desktop/hiproject/potholes\42.jpg
pothole,C:/Users/Admin/Desktop/hiproject/potholes\43.jpg
pothole,C:/Users/Admin/Desktop/hiproject/potholes\44.jpg
pothole,C:/Users/Admin/Desktop/hiproject/potholes\45.jpg
pothole,C:/Users/Admin/Desktop/hiproject/potholes\46.jpg
pothole,C:/Users/Admin/Desktop/hiproject/potholes\47.jpg
pothole,C:/Users/Admin/Desktop/hiproject/potholes\48.jpg
pothole,C:/Users/Admin/Desktop/hiproject/potholes\49.jpg
pothole,C:/Users/Admin/Desktop/hiproject/potholes\5.jpg
pothole,C:/Users/Admin/Desktop/hiproject/potholes\50.jpg
pothole,C:/Users/Admin/Desktop/hiproject/potholes\51.jpg
pothole,C:/Users/Admin/Desktop/hiproject/potholes\52.jpg
pothole,C:/Users/Admin/Desktop/hiproject/potholes\53.jpg
pothole,C:/Users/Admin/Desktop/hiproject/potholes\54.jpg
pothole,C:/Users/Admin/Desktop/hiproject/potholes\55.jpg
pothole,C:/Users/Admin/Desktop/hiproject/potholes\56.jpg
pothole,C:/Users/Admin/Desktop/hiproject/potholes\57.jpg
pothole,C:/Users/Admin/Desktop/hiproject/potholes\58.jpg
pothole,C:/Users/Admin/Desktop/hiproject/potholes\59.jpg
pothole,C:/Users/Admin/Desktop/hiproject/potholes\6.jpg
pothole,C:/Users/Admin/Desktop/hiproject/potholes\60.jpg
pothole,C:/Users/Admin/Desktop/hiproject/potholes\61.jpg
pothole,C:/Users/Admin/Desktop/hiproject/potholes\62.jpg
pothole,C:/Users/Admin/Desktop/hiproject/potholes\63.jpg
pothole,C:/Users/Admin/Desktop/hiproject/potholes\64.jpg
pothole,C:/Users/Admin/Desktop/hiproject/potholes\65.jpg
pothole,C:/Users/Admin/Desktop/hiproject/potholes\66.jpg
pothole,C:/Users/Admin/Desktop/hiproject/potholes\67.jpg
pothole,C:/Users/Admin/Desktop/hiproject/potholes\68.jpg
pothole,C:/Users/Admin/Desktop/hiproject/potholes\69.jpg
pothole,C:/Users/Admin/Desktop/hiproject/potholes\7.jpg
pothole,C:/Users/Admin/Desktop/hiproject/potholes\70.jpg
pothole,C:/Users/Admin/Desktop/hiproject/potholes\71.jpg
pothole,C:/Users/Admin/Desktop/hiproject/potholes\72.jpg
pothole,C:/Users/Admin/Desktop/hiproject/potholes\73.jpg
pothole,C:/Users/Admin/Desktop/hiproject/potholes\74.jpg
pothole,C:/Users/Admin/Desktop/hiproject/potholes\75.jpg
pothole,C:/Users/Admin/Desktop/hiproject/potholes\76.jpg
pothole,C:/Users/Admin/Desktop/hiproject/potholes\77.jpg
pothole,C:/Users/Admin/Desktop/hiproject/potholes\78.jpg
pothole,C:/Users/Admin/Desktop/hiproject/potholes\79.jpg
pothole,C:/Users/Admin/Desktop/hiproject/potholes\8.jpg
pothole,C:/Users/Admin/Desktop/hiproject/potholes\80.jpg
pothole,C:/Users/Admin/Desktop/hiproject/potholes\81.jpg
pothole,C:/Users/Admin/Desktop/hiproject/potholes\82.jpg
pothole,C:/Users/Admin/Desktop/hiproject/potholes\83.jpg
pothole,C:/Users/Admin/Desktop/hiproject/potholes\84.jpg
pothole,C:/Users/Admin/Desktop/hiproject/potholes\85.jpg
pothole,C:/Users/Admin/Desktop/hiproject/potholes\86.jpg
pothole,C:/Users/Admin/Desktop/hiproject/potholes\87.jpg
pothole,C:/Users/Admin/Desktop/hiproject/potholes\88.jpg
pothole,C:/Users/Admin/Desktop/hiproject/potholes\89.jpg
pothole,C:/Users/Admin/Desktop/hiproject/potholes\9.jpg
pothole,C:/Users/Admin/Desktop/hiproject/potholes\90.jpg
pothole,C:/Users/Admin/Desktop/hiproject/potholes\91.jpg
pothole,C:/Users/Admin/Desktop/hiproject/potholes\92.jpg
pothole,C:/Users/Admin/Desktop/hiproject/potholes\93.jpg
pothole,C:/Users/Admin/Desktop/hiproject/potholes\94.jpg
pothole,C:/Users/Admin/Desktop/hiproject/potholes\95.jpg
pothole,C:/Users/Admin/Desktop/hiproject/potholes\96.jpg
pothole,C:/Users/Admin/Desktop/hiproject/potholes\97.jpg
pothole,C:/Users/Admin/Desktop/hiproject/potholes\98.jpg
pothole,C:/Users/Admin/Desktop/hiproject/potholes\99.jpg
